'id', 'course code','course name','course info'
'1', '1','computer science','software and hardware'
'2', '2','ICT','information technology and communication'
'3', '3','computer science','software and hardware'
'4', '4','ICT','information technology and communication'
'5', '5','computer science','software and hardware'
'6', '6','ICT','information technology and communication'
'7', '7','computer science','software and hardware'
'8', '8','ICT','information technology and communication'
'9', '9','computer science','software and hardware'
'10', '10','ICT','information technology and communication'
'11', '11','computer science','software and hardware'
'12', '12','ICT','information technology and communication'
'13', '13','computer science','software and hardware'
'14', '14','ICT','information technology and communication'
'15', '15','computer science','software and hardware'
'16', '16','ICT','information technology and communication'
'17', '17','computer science','software and hardware'
'18', '18','ICT','information technology and communication'
'19', '19','computer science','software and hardware'
'20', '20','ICT','information technology and communication'
'21', '21','computer science','software and hardware'
'22', '22','ICT','information technology and communication'
'23', '23','computer science','software and hardware'
'24', '24','ICT','information technology and communication'
'25', '25','computer science','software and hardware'
'26', '26','ICT','information technology and communication'
'27', '27','computer science','software and hardware'
'28', '28','ICT','information technology and communication'
'29', '29','computer science','software and hardware'
'30', '30','ICT','information technology and communication'
'31', '31','computer science','software and hardware'
'32', '32','ICT','information technology and communication'
'33', '33','computer science','software and hardware'
'34', '34','ICT','information technology and communication'
'35', '35','computer science','software and hardware'
'36', '36','ICT','information technology and communication'
'37', '37','computer science','software and hardware'
'38', '38','ICT','information technology and communication'
'39', '39','computer science','software and hardware'
'40', '40','ICT','information technology and communication'
'41', '41','computer science','software and hardware'
'42', '42','ICT','information technology and communication'
'43', '43','computer science','software and hardware'
'44', '44','ICT','information technology and communication'
'45', '45','computer science','software and hardware'
'46', '46','ICT','information technology and communication'
'47', '47','computer science','software and hardware'
'48', '48','ICT','information technology and communication'
'49', '49','computer science','software and hardware'
'50', '50','ICT','information technology and communication'
'51', '51','computer science','software and hardware'
'52', '52','ICT','information technology and communication'
'53', '53','computer science','software and hardware'
'54', '54','ICT','information technology and communication'
'55', '55','computer science','software and hardware'
'56', '56','ICT','information technology and communication'
'57', '57','computer science','software and hardware'
'58', '58','ICT','information technology and communication'
'59', '59','computer science','software and hardware'
'60', '60','ICT','information technology and communication'
'61', '61','computer science','software and hardware'
'62', '62','ICT','information technology and communication'
'63', '63','computer science','software and hardware'
'64', '64','ICT','information technology and communication'
'65', '65','computer science','software and hardware'
'66', '66','ICT','information technology and communication'
'67', '67','computer science','software and hardware'
'68', '68','ICT','information technology and communication'
'69', '69','computer science','software and hardware'
'70', '70','ICT','information technology and communication'
'71', '71','computer science','software and hardware'
'72', '72','ICT','information technology and communication'
'73', '73','computer science','software and hardware'
'74', '74','ICT','information technology and communication'
'75', '75','computer science','software and hardware'
'76', '76','ICT','information technology and communication'
'77', '77','computer science','software and hardware'
'78', '78','ICT','information technology and communication'
'79', '79','computer science','software and hardware'
'80', '80','ICT','information technology and communication'
'81', '81','computer science','software and hardware'
'82', '82','ICT','information technology and communication'
'83', '83','computer science','software and hardware'
'84', '84','ICT','information technology and communication'
'85', '85','computer science','software and hardware'
'86', '86','ICT','information technology and communication'
'87', '87','computer science','software and hardware'
'88', '88','ICT','information technology and communication'
'89', '89','computer science','software and hardware'
'90', '90','ICT','information technology and communication'
'91', '91','computer science','software and hardware'
'92', '92','ICT','information technology and communication'
'93', '93','computer science','software and hardware'
'94', '94','ICT','information technology and communication'
'95', '95','computer science','software and hardware'
'96', '96','ICT','information technology and communication'
'97', '97','computer science','software and hardware'
'98', '98','ICT','information technology and communication'
'99', '99','computer science','software and hardware'
'100', '100','ICT','information technology and communication'
'101', '101','computer science','software and hardware'
'102', '102','ICT','information technology and communication'
'103', '103','computer science','software and hardware'
'104', '104','ICT','information technology and communication'
'105', '105','computer science','software and hardware'
'106', '106','ICT','information technology and communication'
'107', '107','computer science','software and hardware'
'108', '108','ICT','information technology and communication'
'109', '109','computer science','software and hardware'
'110', '110','ICT','information technology and communication'
'111', '111','computer science','software and hardware'
'112', '112','ICT','information technology and communication'
'113', '113','computer science','software and hardware'
'114', '114','ICT','information technology and communication'
'115', '115','computer science','software and hardware'
'116', '116','ICT','information technology and communication'
'117', '117','computer science','software and hardware'
'118', '118','ICT','information technology and communication'
'119', '119','computer science','software and hardware'
'120', '120','ICT','information technology and communication'
'121', '121','computer science','software and hardware'
'122', '122','ICT','information technology and communication'
'123', '123','computer science','software and hardware'
'124', '124','ICT','information technology and communication'
'125', '125','computer science','software and hardware'
'126', '126','ICT','information technology and communication'
'127', '127','computer science','software and hardware'
'128', '128','ICT','information technology and communication'
'129', '129','computer science','software and hardware'
'130', '130','ICT','information technology and communication'
'131', '131','computer science','software and hardware'
'132', '132','ICT','information technology and communication'
'133', '133','computer science','software and hardware'
'134', '134','ICT','information technology and communication'
'135', '135','computer science','software and hardware'
'136', '136','ICT','information technology and communication'
'137', '137','computer science','software and hardware'
'138', '138','ICT','information technology and communication'
'139', '139','computer science','software and hardware'
'140', '140','ICT','information technology and communication'
'141', '141','computer science','software and hardware'
'142', '142','ICT','information technology and communication'
'143', '143','computer science','software and hardware'
'144', '144','ICT','information technology and communication'
'145', '145','computer science','software and hardware'
'146', '146','ICT','information technology and communication'
'147', '147','computer science','software and hardware'
'148', '148','ICT','information technology and communication'
'149', '149','computer science','software and hardware'
'150', '150','ICT','information technology and communication'
'151', '151','computer science','software and hardware'
'152', '152','ICT','information technology and communication'
'153', '153','computer science','software and hardware'
'154', '154','ICT','information technology and communication'
'155', '155','computer science','software and hardware'
'156', '156','ICT','information technology and communication'
'157', '157','computer science','software and hardware'
'158', '158','ICT','information technology and communication'
'159', '159','computer science','software and hardware'
'160', '160','ICT','information technology and communication'
'161', '161','computer science','software and hardware'
'162', '162','ICT','information technology and communication'
'163', '163','computer science','software and hardware'
'164', '164','ICT','information technology and communication'
'165', '165','computer science','software and hardware'
'166', '166','ICT','information technology and communication'
'167', '167','computer science','software and hardware'
'168', '168','ICT','information technology and communication'
'169', '169','computer science','software and hardware'
'170', '170','ICT','information technology and communication'
'171', '171','computer science','software and hardware'
'172', '172','ICT','information technology and communication'
'173', '173','computer science','software and hardware'
'174', '174','ICT','information technology and communication'
'175', '175','computer science','software and hardware'
'176', '176','ICT','information technology and communication'
'177', '177','computer science','software and hardware'
'178', '178','ICT','information technology and communication'
'179', '179','computer science','software and hardware'
'180', '180','ICT','information technology and communication'
'181', '181','computer science','software and hardware'
'182', '182','ICT','information technology and communication'
'183', '183','computer science','software and hardware'
'184', '184','ICT','information technology and communication'
'185', '185','computer science','software and hardware'
'186', '186','ICT','information technology and communication'
'187', '187','computer science','software and hardware'
'188', '188','ICT','information technology and communication'
'189', '189','computer science','software and hardware'
'190', '190','ICT','information technology and communication'
'191', '191','computer science','software and hardware'
'192', '192','ICT','information technology and communication'
'193', '193','computer science','software and hardware'
'194', '194','ICT','information technology and communication'
'195', '195','computer science','software and hardware'
'196', '196','ICT','information technology and communication'
'197', '197','computer science','software and hardware'
'198', '198','ICT','information technology and communication'
'199', '199','computer science','software and hardware'
'200', '200','ICT','information technology and communication'
'201', '201','computer science','software and hardware'
'202', '202','ICT','information technology and communication'
'203', '203','computer science','software and hardware'
'204', '204','ICT','information technology and communication'
'205', '205','computer science','software and hardware'
'206', '206','ICT','information technology and communication'
'207', '207','computer science','software and hardware'
'208', '208','ICT','information technology and communication'
'209', '209','computer science','software and hardware'
'210', '210','ICT','information technology and communication'
'211', '211','computer science','software and hardware'
'212', '212','ICT','information technology and communication'
'213', '213','computer science','software and hardware'
'214', '214','ICT','information technology and communication'
'215', '215','computer science','software and hardware'
'216', '216','ICT','information technology and communication'
'217', '217','computer science','software and hardware'
'218', '218','ICT','information technology and communication'
'219', '219','computer science','software and hardware'
'220', '220','ICT','information technology and communication'
'221', '221','computer science','software and hardware'
'222', '222','ICT','information technology and communication'
'223', '223','computer science','software and hardware'
'224', '224','ICT','information technology and communication'
'225', '225','computer science','software and hardware'
'226', '226','ICT','information technology and communication'
'227', '227','computer science','software and hardware'
'228', '228','ICT','information technology and communication'
'229', '229','computer science','software and hardware'
'230', '230','ICT','information technology and communication'
'231', '231','computer science','software and hardware'
'232', '232','ICT','information technology and communication'
'233', '233','computer science','software and hardware'
'234', '234','ICT','information technology and communication'
'235', '235','computer science','software and hardware'
'236', '236','ICT','information technology and communication'
'237', '237','computer science','software and hardware'
'238', '238','ICT','information technology and communication'
'239', '239','computer science','software and hardware'
'240', '240','ICT','information technology and communication'
'241', '241','computer science','software and hardware'
'242', '242','ICT','information technology and communication'
'243', '243','computer science','software and hardware'
'244', '244','ICT','information technology and communication'
'245', '245','computer science','software and hardware'
'246', '246','ICT','information technology and communication'
'247', '247','computer science','software and hardware'
'248', '248','ICT','information technology and communication'
'249', '249','computer science','software and hardware'
'250', '250','ICT','information technology and communication'
'251', '251','computer science','software and hardware'
'252', '252','ICT','information technology and communication'
'253', '253','computer science','software and hardware'
'254', '254','ICT','information technology and communication'
'255', '255','computer science','software and hardware'
'256', '256','ICT','information technology and communication'
'257', '257','computer science','software and hardware'
'258', '258','ICT','information technology and communication'
'259', '259','computer science','software and hardware'
'260', '260','ICT','information technology and communication'
'261', '261','computer science','software and hardware'
'262', '262','ICT','information technology and communication'
'263', '263','computer science','software and hardware'
'264', '264','ICT','information technology and communication'
'265', '265','computer science','software and hardware'
'266', '266','ICT','information technology and communication'
'267', '267','computer science','software and hardware'
'268', '268','ICT','information technology and communication'
'269', '269','computer science','software and hardware'
'270', '270','ICT','information technology and communication'
'271', '271','computer science','software and hardware'
'272', '272','ICT','information technology and communication'
'273', '273','computer science','software and hardware'
'274', '274','ICT','information technology and communication'
'275', '275','computer science','software and hardware'
'276', '276','ICT','information technology and communication'
'277', '277','computer science','software and hardware'
'278', '278','ICT','information technology and communication'
'279', '279','computer science','software and hardware'
'280', '280','ICT','information technology and communication'
'281', '281','computer science','software and hardware'
'282', '282','ICT','information technology and communication'
'283', '283','computer science','software and hardware'
'284', '284','ICT','information technology and communication'
'285', '285','computer science','software and hardware'
'286', '286','ICT','information technology and communication'
'287', '287','computer science','software and hardware'
'288', '288','ICT','information technology and communication'
'289', '289','computer science','software and hardware'
'290', '290','ICT','information technology and communication'
'291', '291','computer science','software and hardware'
'292', '292','ICT','information technology and communication'
'293', '293','computer science','software and hardware'
'294', '294','ICT','information technology and communication'
'295', '295','computer science','software and hardware'
'296', '296','ICT','information technology and communication'
'297', '297','computer science','software and hardware'
'298', '298','ICT','information technology and communication'
'299', '299','computer science','software and hardware'
'300', '300','ICT','information technology and communication'
'301', '301','computer science','software and hardware'
'302', '302','ICT','information technology and communication'
'303', '303','computer science','software and hardware'
'304', '304','ICT','information technology and communication'
'305', '305','computer science','software and hardware'
'306', '306','ICT','information technology and communication'
'307', '307','computer science','software and hardware'
'308', '308','ICT','information technology and communication'
'309', '309','computer science','software and hardware'
'310', '310','ICT','information technology and communication'
'311', '311','computer science','software and hardware'
'312', '312','ICT','information technology and communication'
'313', '313','computer science','software and hardware'
'314', '314','ICT','information technology and communication'
'315', '315','computer science','software and hardware'
'316', '316','ICT','information technology and communication'
'317', '317','computer science','software and hardware'
'318', '318','ICT','information technology and communication'
'319', '319','computer science','software and hardware'
'320', '320','ICT','information technology and communication'
'321', '321','computer science','software and hardware'
'322', '322','ICT','information technology and communication'
'323', '323','computer science','software and hardware'
'324', '324','ICT','information technology and communication'
'325', '325','computer science','software and hardware'
'326', '326','ICT','information technology and communication'
'327', '327','computer science','software and hardware'
'328', '328','ICT','information technology and communication'
'329', '329','computer science','software and hardware'
'330', '330','ICT','information technology and communication'
'331', '331','computer science','software and hardware'
'332', '332','ICT','information technology and communication'
'333', '333','computer science','software and hardware'
'334', '334','ICT','information technology and communication'
'335', '335','computer science','software and hardware'
'336', '336','ICT','information technology and communication'
'337', '337','computer science','software and hardware'
'338', '338','ICT','information technology and communication'
'339', '339','computer science','software and hardware'
'340', '340','ICT','information technology and communication'
'341', '341','computer science','software and hardware'
'342', '342','ICT','information technology and communication'
'343', '343','computer science','software and hardware'
'344', '344','ICT','information technology and communication'
'345', '345','computer science','software and hardware'
'346', '346','ICT','information technology and communication'
'347', '347','computer science','software and hardware'
'348', '348','ICT','information technology and communication'
'349', '349','computer science','software and hardware'
'350', '350','ICT','information technology and communication'
'351', '351','computer science','software and hardware'
'352', '352','ICT','information technology and communication'
'353', '353','computer science','software and hardware'
'354', '354','ICT','information technology and communication'
'355', '355','computer science','software and hardware'
'356', '356','ICT','information technology and communication'
'357', '357','computer science','software and hardware'
'358', '358','ICT','information technology and communication'
'359', '359','computer science','software and hardware'
'360', '360','ICT','information technology and communication'
'361', '361','computer science','software and hardware'
'362', '362','ICT','information technology and communication'
'363', '363','computer science','software and hardware'
'364', '364','ICT','information technology and communication'
'365', '365','computer science','software and hardware'
'366', '366','ICT','information technology and communication'
'367', '367','computer science','software and hardware'
'368', '368','ICT','information technology and communication'
'369', '369','computer science','software and hardware'
'370', '370','ICT','information technology and communication'
'371', '371','computer science','software and hardware'
'372', '372','ICT','information technology and communication'
'373', '373','computer science','software and hardware'
'374', '374','ICT','information technology and communication'
'375', '375','computer science','software and hardware'
'376', '376','ICT','information technology and communication'
'377', '377','computer science','software and hardware'
'378', '378','ICT','information technology and communication'
'379', '379','computer science','software and hardware'
'380', '380','ICT','information technology and communication'
'381', '381','computer science','software and hardware'
'382', '382','ICT','information technology and communication'
'383', '383','computer science','software and hardware'
'384', '384','ICT','information technology and communication'
'385', '385','computer science','software and hardware'
'386', '386','ICT','information technology and communication'
'387', '387','computer science','software and hardware'
'388', '388','ICT','information technology and communication'
'389', '389','computer science','software and hardware'
'390', '390','ICT','information technology and communication'
'391', '391','computer science','software and hardware'
'392', '392','ICT','information technology and communication'
'393', '393','computer science','software and hardware'
'394', '394','ICT','information technology and communication'
'395', '395','computer science','software and hardware'
'396', '396','ICT','information technology and communication'
'397', '397','computer science','software and hardware'
'398', '398','ICT','information technology and communication'
'399', '399','computer science','software and hardware'
'400', '400','ICT','information technology and communication'
'401', '401','computer science','software and hardware'
'402', '402','ICT','information technology and communication'
'403', '403','computer science','software and hardware'
'404', '404','ICT','information technology and communication'
'405', '405','computer science','software and hardware'
'406', '406','ICT','information technology and communication'
'407', '407','computer science','software and hardware'
'408', '408','ICT','information technology and communication'
'409', '409','computer science','software and hardware'
'410', '410','ICT','information technology and communication'
'411', '411','computer science','software and hardware'
'412', '412','ICT','information technology and communication'
'413', '413','computer science','software and hardware'
'414', '414','ICT','information technology and communication'
'415', '415','computer science','software and hardware'
'416', '416','ICT','information technology and communication'
'417', '417','computer science','software and hardware'
'418', '418','ICT','information technology and communication'
'419', '419','computer science','software and hardware'
'420', '420','ICT','information technology and communication'
'421', '421','computer science','software and hardware'
'422', '422','ICT','information technology and communication'
'423', '423','computer science','software and hardware'
'424', '424','ICT','information technology and communication'
'425', '425','computer science','software and hardware'
'426', '426','ICT','information technology and communication'
'427', '427','computer science','software and hardware'
'428', '428','ICT','information technology and communication'
'429', '429','computer science','software and hardware'
'430', '430','ICT','information technology and communication'
'431', '431','computer science','software and hardware'
'432', '432','ICT','information technology and communication'
'433', '433','computer science','software and hardware'
'434', '434','ICT','information technology and communication'
'435', '435','computer science','software and hardware'
'436', '436','ICT','information technology and communication'
'437', '437','computer science','software and hardware'
'438', '438','ICT','information technology and communication'
'439', '439','computer science','software and hardware'
'440', '440','ICT','information technology and communication'
'441', '441','computer science','software and hardware'
'442', '442','ICT','information technology and communication'
'443', '443','computer science','software and hardware'
'444', '444','ICT','information technology and communication'
'445', '445','computer science','software and hardware'
'446', '446','ICT','information technology and communication'
'447', '447','computer science','software and hardware'
'448', '448','ICT','information technology and communication'
'449', '449','computer science','software and hardware'
'450', '450','ICT','information technology and communication'
'451', '451','computer science','software and hardware'
'452', '452','ICT','information technology and communication'
'453', '453','computer science','software and hardware'
'454', '454','ICT','information technology and communication'
'455', '455','computer science','software and hardware'
'456', '456','ICT','information technology and communication'
'457', '457','computer science','software and hardware'
'458', '458','ICT','information technology and communication'
'459', '459','computer science','software and hardware'
'460', '460','ICT','information technology and communication'
'461', '461','computer science','software and hardware'
'462', '462','ICT','information technology and communication'
'463', '463','computer science','software and hardware'
'464', '464','ICT','information technology and communication'
'465', '465','computer science','software and hardware'
'466', '466','ICT','information technology and communication'
'467', '467','computer science','software and hardware'
'468', '468','ICT','information technology and communication'
'469', '469','computer science','software and hardware'
'470', '470','ICT','information technology and communication'
'471', '471','computer science','software and hardware'
'472', '472','ICT','information technology and communication'
'473', '473','computer science','software and hardware'
'474', '474','ICT','information technology and communication'
'475', '475','computer science','software and hardware'
'476', '476','ICT','information technology and communication'
'477', '477','computer science','software and hardware'
'478', '478','ICT','information technology and communication'
'479', '479','computer science','software and hardware'
'480', '480','ICT','information technology and communication'
'481', '481','computer science','software and hardware'
'482', '482','ICT','information technology and communication'
'483', '483','computer science','software and hardware'
'484', '484','ICT','information technology and communication'
'485', '485','computer science','software and hardware'
'486', '486','ICT','information technology and communication'
'487', '487','computer science','software and hardware'
'488', '488','ICT','information technology and communication'
'489', '489','computer science','software and hardware'
'490', '490','ICT','information technology and communication'
'491', '491','computer science','software and hardware'
'492', '492','ICT','information technology and communication'
'493', '493','computer science','software and hardware'
'494', '494','ICT','information technology and communication'
'495', '495','computer science','software and hardware'
'496', '496','ICT','information technology and communication'
'497', '497','computer science','software and hardware'
'498', '498','ICT','information technology and communication'
'499', '499','computer science','software and hardware'
'500', '500','ICT','information technology and communication'
'501', '501','computer science','software and hardware'
'502', '502','ICT','information technology and communication'
'503', '503','computer science','software and hardware'
'504', '504','ICT','information technology and communication'
'505', '505','computer science','software and hardware'
'506', '506','ICT','information technology and communication'
'507', '507','computer science','software and hardware'
'508', '508','ICT','information technology and communication'
'509', '509','computer science','software and hardware'
'510', '510','ICT','information technology and communication'
'511', '511','computer science','software and hardware'
'512', '512','ICT','information technology and communication'
'513', '513','computer science','software and hardware'
'514', '514','ICT','information technology and communication'
'515', '515','computer science','software and hardware'
'516', '516','ICT','information technology and communication'
'517', '517','computer science','software and hardware'
'518', '518','ICT','information technology and communication'
'519', '519','computer science','software and hardware'
'520', '520','ICT','information technology and communication'
'521', '521','computer science','software and hardware'
'522', '522','ICT','information technology and communication'
'523', '523','computer science','software and hardware'
'524', '524','ICT','information technology and communication'
'525', '525','computer science','software and hardware'
'526', '526','ICT','information technology and communication'
'527', '527','computer science','software and hardware'
'528', '528','ICT','information technology and communication'
'529', '529','computer science','software and hardware'
'530', '530','ICT','information technology and communication'
'531', '531','computer science','software and hardware'
'532', '532','ICT','information technology and communication'
'533', '533','computer science','software and hardware'
'534', '534','ICT','information technology and communication'
'535', '535','computer science','software and hardware'
'536', '536','ICT','information technology and communication'
'537', '537','computer science','software and hardware'
'538', '538','ICT','information technology and communication'
'539', '539','computer science','software and hardware'
'540', '540','ICT','information technology and communication'
'541', '541','computer science','software and hardware'
'542', '542','ICT','information technology and communication'
'543', '543','computer science','software and hardware'
'544', '544','ICT','information technology and communication'
'545', '545','computer science','software and hardware'
'546', '546','ICT','information technology and communication'
'547', '547','computer science','software and hardware'
'548', '548','ICT','information technology and communication'
'549', '549','computer science','software and hardware'
'550', '550','ICT','information technology and communication'
'551', '551','computer science','software and hardware'
'552', '552','ICT','information technology and communication'
'553', '553','computer science','software and hardware'
'554', '554','ICT','information technology and communication'
'555', '555','computer science','software and hardware'
'556', '556','ICT','information technology and communication'
'557', '557','computer science','software and hardware'
'558', '558','ICT','information technology and communication'
'559', '559','computer science','software and hardware'
'560', '560','ICT','information technology and communication'
'561', '561','computer science','software and hardware'
'562', '562','ICT','information technology and communication'
'563', '563','computer science','software and hardware'
'564', '564','ICT','information technology and communication'
'565', '565','computer science','software and hardware'
'566', '566','ICT','information technology and communication'
'567', '567','computer science','software and hardware'
'568', '568','ICT','information technology and communication'
'569', '569','computer science','software and hardware'
'570', '570','ICT','information technology and communication'
'571', '571','computer science','software and hardware'
'572', '572','ICT','information technology and communication'
'573', '573','computer science','software and hardware'
'574', '574','ICT','information technology and communication'
'575', '575','computer science','software and hardware'
'576', '576','ICT','information technology and communication'
'577', '577','computer science','software and hardware'
'578', '578','ICT','information technology and communication'
'579', '579','computer science','software and hardware'
'580', '580','ICT','information technology and communication'
'581', '581','computer science','software and hardware'
'582', '582','ICT','information technology and communication'
'583', '583','computer science','software and hardware'
'584', '584','ICT','information technology and communication'
'585', '585','computer science','software and hardware'
'586', '586','ICT','information technology and communication'
'587', '587','computer science','software and hardware'
'588', '588','ICT','information technology and communication'
'589', '589','computer science','software and hardware'
'590', '590','ICT','information technology and communication'
'591', '591','computer science','software and hardware'
'592', '592','ICT','information technology and communication'
'593', '593','computer science','software and hardware'
'594', '594','ICT','information technology and communication'
'595', '595','computer science','software and hardware'
'596', '596','ICT','information technology and communication'
'597', '597','computer science','software and hardware'
'598', '598','ICT','information technology and communication'
'599', '599','computer science','software and hardware'
'600', '600','ICT','information technology and communication'
'601', '601','computer science','software and hardware'
'602', '602','ICT','information technology and communication'
'603', '603','computer science','software and hardware'
'604', '604','ICT','information technology and communication'
'605', '605','computer science','software and hardware'
'606', '606','ICT','information technology and communication'
'607', '607','computer science','software and hardware'
'608', '608','ICT','information technology and communication'
'609', '609','computer science','software and hardware'
'610', '610','ICT','information technology and communication'
'611', '611','computer science','software and hardware'
'612', '612','ICT','information technology and communication'
'613', '613','computer science','software and hardware'
'614', '614','ICT','information technology and communication'
'615', '615','computer science','software and hardware'
'616', '616','ICT','information technology and communication'
'617', '617','computer science','software and hardware'
'618', '618','ICT','information technology and communication'
'619', '619','computer science','software and hardware'
'620', '620','ICT','information technology and communication'
'621', '621','computer science','software and hardware'
'622', '622','ICT','information technology and communication'
'623', '623','computer science','software and hardware'
'624', '624','ICT','information technology and communication'
'625', '625','computer science','software and hardware'
'626', '626','ICT','information technology and communication'
'627', '627','computer science','software and hardware'
'628', '628','ICT','information technology and communication'
'629', '629','computer science','software and hardware'
'630', '630','ICT','information technology and communication'
'631', '631','computer science','software and hardware'
'632', '632','ICT','information technology and communication'
'633', '633','computer science','software and hardware'
'634', '634','ICT','information technology and communication'
'635', '635','computer science','software and hardware'
'636', '636','ICT','information technology and communication'
'637', '637','computer science','software and hardware'
'638', '638','ICT','information technology and communication'
'639', '639','computer science','software and hardware'
'640', '640','ICT','information technology and communication'
'641', '641','computer science','software and hardware'
'642', '642','ICT','information technology and communication'
'643', '643','computer science','software and hardware'
'644', '644','ICT','information technology and communication'
'645', '645','computer science','software and hardware'
'646', '646','ICT','information technology and communication'
'647', '647','computer science','software and hardware'
'648', '648','ICT','information technology and communication'
'649', '649','computer science','software and hardware'
'650', '650','ICT','information technology and communication'
'651', '651','computer science','software and hardware'
'652', '652','ICT','information technology and communication'
'653', '653','computer science','software and hardware'
'654', '654','ICT','information technology and communication'
'655', '655','computer science','software and hardware'
'656', '656','ICT','information technology and communication'
'657', '657','computer science','software and hardware'
'658', '658','ICT','information technology and communication'
'659', '659','computer science','software and hardware'
'660', '660','ICT','information technology and communication'
'661', '661','computer science','software and hardware'
'662', '662','ICT','information technology and communication'
'663', '663','computer science','software and hardware'
'664', '664','ICT','information technology and communication'
'665', '665','computer science','software and hardware'
'666', '666','ICT','information technology and communication'
'667', '667','computer science','software and hardware'
'668', '668','ICT','information technology and communication'
'669', '669','computer science','software and hardware'
'670', '670','ICT','information technology and communication'
'671', '671','computer science','software and hardware'
'672', '672','ICT','information technology and communication'
'673', '673','computer science','software and hardware'
'674', '674','ICT','information technology and communication'
'675', '675','computer science','software and hardware'
'676', '676','ICT','information technology and communication'
'677', '677','computer science','software and hardware'
'678', '678','ICT','information technology and communication'
'679', '679','computer science','software and hardware'
'680', '680','ICT','information technology and communication'
'681', '681','computer science','software and hardware'
'682', '682','ICT','information technology and communication'
'683', '683','computer science','software and hardware'
'684', '684','ICT','information technology and communication'
'685', '685','computer science','software and hardware'
'686', '686','ICT','information technology and communication'
'687', '687','computer science','software and hardware'
'688', '688','ICT','information technology and communication'
'689', '689','computer science','software and hardware'
'690', '690','ICT','information technology and communication'
'691', '691','computer science','software and hardware'
'692', '692','ICT','information technology and communication'
'693', '693','computer science','software and hardware'
'694', '694','ICT','information technology and communication'
'695', '695','computer science','software and hardware'
'696', '696','ICT','information technology and communication'
'697', '697','computer science','software and hardware'
'698', '698','ICT','information technology and communication'
'699', '699','computer science','software and hardware'
'700', '700','ICT','information technology and communication'
'701', '701','computer science','software and hardware'
'702', '702','ICT','information technology and communication'
'703', '703','computer science','software and hardware'
'704', '704','ICT','information technology and communication'
'705', '705','computer science','software and hardware'
'706', '706','ICT','information technology and communication'
'707', '707','computer science','software and hardware'
'708', '708','ICT','information technology and communication'
'709', '709','computer science','software and hardware'
'710', '710','ICT','information technology and communication'
'711', '711','computer science','software and hardware'
'712', '712','ICT','information technology and communication'
'713', '713','computer science','software and hardware'
'714', '714','ICT','information technology and communication'
'715', '715','computer science','software and hardware'
'716', '716','ICT','information technology and communication'
'717', '717','computer science','software and hardware'
'718', '718','ICT','information technology and communication'
'719', '719','computer science','software and hardware'
'720', '720','ICT','information technology and communication'
'721', '721','computer science','software and hardware'
'722', '722','ICT','information technology and communication'
'723', '723','computer science','software and hardware'
'724', '724','ICT','information technology and communication'
'725', '725','computer science','software and hardware'
'726', '726','ICT','information technology and communication'
'727', '727','computer science','software and hardware'
'728', '728','ICT','information technology and communication'
'729', '729','computer science','software and hardware'
'730', '730','ICT','information technology and communication'
'731', '731','computer science','software and hardware'
'732', '732','ICT','information technology and communication'
'733', '733','computer science','software and hardware'
'734', '734','ICT','information technology and communication'
'735', '735','computer science','software and hardware'
'736', '736','ICT','information technology and communication'
'737', '737','computer science','software and hardware'
'738', '738','ICT','information technology and communication'
'739', '739','computer science','software and hardware'
'740', '740','ICT','information technology and communication'
'741', '741','computer science','software and hardware'
'742', '742','ICT','information technology and communication'
'743', '743','computer science','software and hardware'
'744', '744','ICT','information technology and communication'
'745', '745','computer science','software and hardware'
'746', '746','ICT','information technology and communication'
'747', '747','computer science','software and hardware'
'748', '748','ICT','information technology and communication'
'749', '749','computer science','software and hardware'
'750', '750','ICT','information technology and communication'
'751', '751','computer science','software and hardware'
'752', '752','ICT','information technology and communication'
'753', '753','computer science','software and hardware'
'754', '754','ICT','information technology and communication'
'755', '755','computer science','software and hardware'
'756', '756','ICT','information technology and communication'
'757', '757','computer science','software and hardware'
'758', '758','ICT','information technology and communication'
'759', '759','computer science','software and hardware'
'760', '760','ICT','information technology and communication'
'761', '761','computer science','software and hardware'
'762', '762','ICT','information technology and communication'
'763', '763','computer science','software and hardware'
'764', '764','ICT','information technology and communication'
'765', '765','computer science','software and hardware'
'766', '766','ICT','information technology and communication'
'767', '767','computer science','software and hardware'
'768', '768','ICT','information technology and communication'
'769', '769','computer science','software and hardware'
'770', '770','ICT','information technology and communication'
'771', '771','computer science','software and hardware'
'772', '772','ICT','information technology and communication'
'773', '773','computer science','software and hardware'
'774', '774','ICT','information technology and communication'
'775', '775','computer science','software and hardware'
'776', '776','ICT','information technology and communication'
'777', '777','computer science','software and hardware'
'778', '778','ICT','information technology and communication'
'779', '779','computer science','software and hardware'
'780', '780','ICT','information technology and communication'
'781', '781','computer science','software and hardware'
'782', '782','ICT','information technology and communication'
'783', '783','computer science','software and hardware'
'784', '784','ICT','information technology and communication'
'785', '785','computer science','software and hardware'
'786', '786','ICT','information technology and communication'
'787', '787','computer science','software and hardware'
'788', '788','ICT','information technology and communication'
'789', '789','computer science','software and hardware'
'790', '790','ICT','information technology and communication'
'791', '791','computer science','software and hardware'
'792', '792','ICT','information technology and communication'
'793', '793','computer science','software and hardware'
'794', '794','ICT','information technology and communication'
'795', '795','computer science','software and hardware'
'796', '796','ICT','information technology and communication'
'797', '797','computer science','software and hardware'
'798', '798','ICT','information technology and communication'
'799', '799','computer science','software and hardware'
'800', '800','ICT','information technology and communication'
'801', '801','computer science','software and hardware'
'802', '802','ICT','information technology and communication'
'803', '803','computer science','software and hardware'
'804', '804','ICT','information technology and communication'
'805', '805','computer science','software and hardware'
'806', '806','ICT','information technology and communication'
'807', '807','computer science','software and hardware'
'808', '808','ICT','information technology and communication'
'809', '809','computer science','software and hardware'
'810', '810','ICT','information technology and communication'
'811', '811','computer science','software and hardware'
'812', '812','ICT','information technology and communication'
'813', '813','computer science','software and hardware'
'814', '814','ICT','information technology and communication'
'815', '815','computer science','software and hardware'
'816', '816','ICT','information technology and communication'
'817', '817','computer science','software and hardware'
'818', '818','ICT','information technology and communication'
'819', '819','computer science','software and hardware'
'820', '820','ICT','information technology and communication'
'821', '821','computer science','software and hardware'
'822', '822','ICT','information technology and communication'
'823', '823','computer science','software and hardware'
'824', '824','ICT','information technology and communication'
'825', '825','computer science','software and hardware'
'826', '826','ICT','information technology and communication'
'827', '827','computer science','software and hardware'
'828', '828','ICT','information technology and communication'
'829', '829','computer science','software and hardware'
'830', '830','ICT','information technology and communication'
'831', '831','computer science','software and hardware'
'832', '832','ICT','information technology and communication'
'833', '833','computer science','software and hardware'
'834', '834','ICT','information technology and communication'
'835', '835','computer science','software and hardware'
'836', '836','ICT','information technology and communication'
'837', '837','computer science','software and hardware'
'838', '838','ICT','information technology and communication'
'839', '839','computer science','software and hardware'
'840', '840','ICT','information technology and communication'
'841', '841','computer science','software and hardware'
'842', '842','ICT','information technology and communication'
'843', '843','computer science','software and hardware'
'844', '844','ICT','information technology and communication'
'845', '845','computer science','software and hardware'
'846', '846','ICT','information technology and communication'
'847', '847','computer science','software and hardware'
'848', '848','ICT','information technology and communication'
'849', '849','computer science','software and hardware'
'850', '850','ICT','information technology and communication'
'851', '851','computer science','software and hardware'
'852', '852','ICT','information technology and communication'
'853', '853','computer science','software and hardware'
'854', '854','ICT','information technology and communication'
'855', '855','computer science','software and hardware'
'856', '856','ICT','information technology and communication'
'857', '857','computer science','software and hardware'
'858', '858','ICT','information technology and communication'
'859', '859','computer science','software and hardware'
'860', '860','ICT','information technology and communication'
'861', '861','computer science','software and hardware'
'862', '862','ICT','information technology and communication'
'863', '863','computer science','software and hardware'
'864', '864','ICT','information technology and communication'
'865', '865','computer science','software and hardware'
'866', '866','ICT','information technology and communication'
'867', '867','computer science','software and hardware'
'868', '868','ICT','information technology and communication'
'869', '869','computer science','software and hardware'
'870', '870','ICT','information technology and communication'
'871', '871','computer science','software and hardware'
'872', '872','ICT','information technology and communication'
'873', '873','computer science','software and hardware'
'874', '874','ICT','information technology and communication'
'875', '875','computer science','software and hardware'
'876', '876','ICT','information technology and communication'
'877', '877','computer science','software and hardware'
'878', '878','ICT','information technology and communication'
'879', '879','computer science','software and hardware'
'880', '880','ICT','information technology and communication'
'881', '881','computer science','software and hardware'
'882', '882','ICT','information technology and communication'
'883', '883','computer science','software and hardware'
'884', '884','ICT','information technology and communication'
'885', '885','computer science','software and hardware'
'886', '886','ICT','information technology and communication'
'887', '887','computer science','software and hardware'
'888', '888','ICT','information technology and communication'
'889', '889','computer science','software and hardware'
'890', '890','ICT','information technology and communication'
'891', '891','computer science','software and hardware'
'892', '892','ICT','information technology and communication'
'893', '893','computer science','software and hardware'
'894', '894','ICT','information technology and communication'
'895', '895','computer science','software and hardware'
'896', '896','ICT','information technology and communication'
'897', '897','computer science','software and hardware'
'898', '898','ICT','information technology and communication'
'899', '899','computer science','software and hardware'
'900', '900','ICT','information technology and communication'
'901', '901','computer science','software and hardware'
'902', '902','ICT','information technology and communication'
'903', '903','computer science','software and hardware'
'904', '904','ICT','information technology and communication'
'905', '905','computer science','software and hardware'
'906', '906','ICT','information technology and communication'
'907', '907','computer science','software and hardware'
'908', '908','ICT','information technology and communication'
'909', '909','computer science','software and hardware'
'910', '910','ICT','information technology and communication'
'911', '911','computer science','software and hardware'
'912', '912','ICT','information technology and communication'
'913', '913','computer science','software and hardware'
'914', '914','ICT','information technology and communication'
'915', '915','computer science','software and hardware'
'916', '916','ICT','information technology and communication'
'917', '917','computer science','software and hardware'
'918', '918','ICT','information technology and communication'
'919', '919','computer science','software and hardware'
'920', '920','ICT','information technology and communication'
'921', '921','computer science','software and hardware'
'922', '922','ICT','information technology and communication'
'923', '923','computer science','software and hardware'
'924', '924','ICT','information technology and communication'
'925', '925','computer science','software and hardware'
'926', '926','ICT','information technology and communication'
'927', '927','computer science','software and hardware'
'928', '928','ICT','information technology and communication'
'929', '929','computer science','software and hardware'
'930', '930','ICT','information technology and communication'
'931', '931','computer science','software and hardware'
'932', '932','ICT','information technology and communication'
'933', '933','computer science','software and hardware'
'934', '934','ICT','information technology and communication'
'935', '935','computer science','software and hardware'
'936', '936','ICT','information technology and communication'
'937', '937','computer science','software and hardware'
'938', '938','ICT','information technology and communication'
'939', '939','computer science','software and hardware'
'940', '940','ICT','information technology and communication'
'941', '941','computer science','software and hardware'
'942', '942','ICT','information technology and communication'
'943', '943','computer science','software and hardware'
'944', '944','ICT','information technology and communication'
'945', '945','computer science','software and hardware'
'946', '946','ICT','information technology and communication'
'947', '947','computer science','software and hardware'
'948', '948','ICT','information technology and communication'
'949', '949','computer science','software and hardware'
'950', '950','ICT','information technology and communication'
'951', '951','computer science','software and hardware'
'952', '952','ICT','information technology and communication'
'953', '953','computer science','software and hardware'
'954', '954','ICT','information technology and communication'
'955', '955','computer science','software and hardware'
'956', '956','ICT','information technology and communication'
'957', '957','computer science','software and hardware'
'958', '958','ICT','information technology and communication'
'959', '959','computer science','software and hardware'
'960', '960','ICT','information technology and communication'
'961', '961','computer science','software and hardware'
'962', '962','ICT','information technology and communication'
'963', '963','computer science','software and hardware'
'964', '964','ICT','information technology and communication'
'965', '965','computer science','software and hardware'
'966', '966','ICT','information technology and communication'
'967', '967','computer science','software and hardware'
'968', '968','ICT','information technology and communication'
'969', '969','computer science','software and hardware'
'970', '970','ICT','information technology and communication'
'971', '971','computer science','software and hardware'
'972', '972','ICT','information technology and communication'
'973', '973','computer science','software and hardware'
'974', '974','ICT','information technology and communication'
'975', '975','computer science','software and hardware'
'976', '976','ICT','information technology and communication'
'977', '977','computer science','software and hardware'
'978', '978','ICT','information technology and communication'
'979', '979','computer science','software and hardware'
'980', '980','ICT','information technology and communication'
'981', '981','computer science','software and hardware'
'982', '982','ICT','information technology and communication'
'983', '983','computer science','software and hardware'
'984', '984','ICT','information technology and communication'
'985', '985','computer science','software and hardware'
'986', '986','ICT','information technology and communication'
'987', '987','computer science','software and hardware'
'988', '988','ICT','information technology and communication'
'989', '989','computer science','software and hardware'
'990', '990','ICT','information technology and communication'
'991', '991','computer science','software and hardware'
'992', '992','ICT','information technology and communication'
'993', '993','computer science','software and hardware'
'994', '994','ICT','information technology and communication'
'995', '995','computer science','software and hardware'
'996', '996','ICT','information technology and communication'
'997', '997','computer science','software and hardware'
'998', '998','ICT','information technology and communication'
'999', '999','ICT','information technology and communication'
